{
  "formatVersion": 1,
  "database": {
    "version": 1,
    "identityHash": "f6eaa09d09410b1a524597b8e91f7519",
    "entities": [
      {
        "tableName": "cards",
        "createSql": "CREATE TABLE IF NOT EXISTS `${TABLE_NAME}` (`id` INTEGER PRIMARY KEY AUTOINCREMENT NOT NULL, `name` TEXT NOT NULL, `cardData` BLOB NOT NULL, `cardType` TEXT NOT NULL, `additionalData` TEXT)",
        "fields": [
          {
            "fieldPath": "id",
            "columnName": "id",
            "affinity": "INTEGER",
            "notNull": true
          },
          {
            "fieldPath": "name",
            "columnName": "name",
            "affinity": "TEXT",
            "notNull": true
          },
          {
            "fieldPath": "cardData",
            "columnName": "cardData",
            "affinity": "BLOB",
            "notNull": true
          },
          {
            "fieldPath": "cardType",
            "columnName": "cardType",
            "affinity": "TEXT",
            "notNull": true
          },
          {
            "fieldPath": "additionalData",
            "columnName": "additionalData",
            "affinity": "TEXT",
            "notNull": false
          }
        ],
        "primaryKey": {
          "autoGenerate": true,
          "columnNames": [
            "id"
          ]
        },
        "indices": [],
        "foreignKeys": []
      }
    ],
    "views": [],
    "setupQueries": [
      "CREATE TABLE IF NOT EXISTS room_master_table (id INTEGER PRIMARY KEY,identity_hash TEXT)",
      "INSERT OR REPLACE INTO room_master_table (id,identity_hash) VALUES(42, 'f6eaa09d09410b1a524597b8e91f7519')"
    ]
  }
}